	page	x0	y0	x1	y1	token	contract_num	advertiser	flight_from	flight_to	gross_amount	tok_id	length	digitness	is_dollar	log_amount	label
0	0	18.0	25.174	48.232	25.217	Contract	0.0	0.39	0.0	0.0	0.0	53	8	0.0	0.0	0.0	0
1	0	50.456	25.174	89.584	25.217	Agreement	0.0	0.39	0.0	0.0	0.0	115	9	0.0	0.0	0.0	0
2	0	91.808	25.174	125.16	25.217	Between:	0.0	0.31	0.0	0.0	0.0	120	8	0.0	0.0	0.0	0
3	0	429.272	25.174	445.72	25.217	Print	0.0	0.29	0.0	0.0	0.0	37	5	0.0	0.0	0.0	0
4	0	447.944	25.174	464.84	25.217	Date	0.0	0.33	0.0	0.0	0.0	8	4	0.0	0.0	0.0	0
5	0	474.001	25.174	505.137	25.217	09/20/12	0.0	0.33	0.0	0.0	0.0	0	8	0.75	0.0	0.0	0
6	0	533.251	25.174	551.931	25.217	Page	0.0	0.33	0.0	0.0	0.0	7	4	0.0	0.0	0.0	0
7	0	261.18	41.705	350.94	41.794	CONTRACT	0.0	0.36	0.0	0.0	0.0	53	8	0.0	0.0	0.0	0
8	0	119.999	63.207	149.989	63.262	KMBC	0.0	0.38	0.0	0.0	0.0	1122	4	0.0	0.0	0.0	0
9	0	406.681	60.424	436.913	60.467	Contract	0.0	0.38	0.0	0.0	0.0	53	8	0.0	0.0	0.0	0
10	0	443.585	60.424	474.257	60.467	Revision	0.0	0.27	0.0	0.0	0.0	75	8	0.0	0.0	0.0	0
11	0	495.842	60.424	505.178	60.467	Alt	0.0	0.27	0.0	0.0	0.0	31	3	0.0	0.0	0.0	0
12	0	507.402	60.424	527.85	60.467	Order	0.0	0.32	0.0	0.0	0.0	9	5	0.0	0.0	0.0	0
13	0	119.999	75.207	142.239	75.262	6455	0.0	0.32	0.0	0.0	0.67	0	4	1.0	1.0	8.772765	0
14	0	145.019	75.207	198.919	75.262	Winchester	0.0	0.37	0.0	0.0	0.0	2119	10	0.0	0.0	0.0	0
15	0	201.699	75.207	220.039	75.262	Ave	0.0	0.37	0.0	0.0	0.0	198	3	0.0	0.0	0.0	0
16	0	417.001	72.424	443.689	72.467	953768	0.0	0.3	0.0	0.0	0.59	0	6	1.0	1.0	13.768177	0
17	0	495.842	72.424	531.426	72.467	07901204	0.0	0.29	0.0	0.0	0.44	0	8	1.0	1.0	15.882525	0
18	0	119.999	87.207	155.569	87.262	Kansas	0.0	0.37	0.0	0.0	0.0	1632	6	0.0	0.0	0.0	0
19	0	158.349	87.207	180.019	87.262	City,	0.0	0.37	0.0	0.0	0.0	551	5	0.0	0.0	0.0	0
20	0	204.469	87.207	257.839	87.262	64133-6409	0.0	0.48	0.0	0.0	0.0	0	10	0.9	0.0	0.0	0
21	0	309.002	85.924	336.57	85.967	Product	0.0	0.58	0.0	0.0	0.0	5	7	0.0	0.0	0.0	0
22	0	119.999	99.207	185.589	99.262	(816)221-9999	0.0	0.68	0.0	0.0	0.0	0	13	0.7692308	0.0	0.0	0
23	0	307.5	98.164	378.612	98.208	KOSTER/AG/D-MO	0.0	1.0	0.0	0.0	0.0	6187	14	0.0	0.0	0.0	advertiser
24	0	308.251	110.674	338.483	110.717	Contract	0.0	0.78	0.0	0.0	0.0	53	8	0.0	0.0	0.0	0
25	0	340.707	110.674	361.603	110.717	Dates	0.0	0.68	0.0	0.0	0.0	18	5	0.0	0.0	0.0	0
26	0	407.251	110.674	438.371	110.717	Estimate	0.0	0.57	0.0	0.0	0.0	23	8	0.0	0.0	0.0	0
27	0	18.0	121.412	63.92	121.457	www.kmbc.com	0.0	0.29	0.0	0.0	0.0	2227	12	0.0	0.0	0.0	0
28	0	308.251	122.914	339.387	122.958	09/24/12	0.0	0.29	0.0	0.0	0.0	0	8	0.75	0.0	0.0	0
29	0	346.499	122.914	377.635	122.958	09/30/12	0.0	0.23	0.0	0.0	0.0	0	8	0.75	0.0	0.0	0
30	0	309.002	135.424	345.01	135.467	Advertiser	0.0	0.22	0.0	0.0	0.0	6	10	0.0	0.0	0.0	0
31	0	484.501	135.424	512.061	135.467	Original	0.0	0.3	0.0	0.0	0.0	39	8	0.0	0.0	0.0	0
32	0	514.285	135.424	531.181	135.467	Date	0.0	0.41	0.0	0.0	0.0	8	4	0.0	0.0	0.0	0
33	0	537.853	135.424	568.525	135.467	Revision	0.0	0.46	0.0	0.0	0.0	75	8	0.0	0.0	0.0	0
34	0	309.002	147.664	377.45	147.708	Koster/D/Attorney	0.0	0.58	0.0	0.0	0.0	6188	17	0.0	0.0	0.0	0
35	0	379.674	147.664	409.466	147.708	General	0.0	0.47	0.0	0.0	0.0	138	7	0.0	0.0	0.0	0
36	0	491.041	147.424	522.177	147.467	09/20/12	0.0	0.43	0.0	0.0	0.0	0	8	0.75	0.0	0.0	0
37	0	544.665	147.424	575.801	147.467	09/20/12	0.0	0.23	0.0	0.0	0.0	0	8	0.75	0.0	0.0	0
38	0	18.0	157.174	34.456	157.217	And:	0.0	0.23	0.0	0.0	0.0	77	4	0.0	0.0	0.0	0
39	0	406.681	160.174	428.017	160.217	Billing	0.0	0.18	0.0	0.0	0.0	11	7	0.0	0.0	0.0	0
40	0	430.241	160.174	450.241	160.217	Cycle	0.0	0.15	0.0	0.0	0.0	32	5	0.0	0.0	0.0	0
41	0	457.92	160.174	479.256	160.217	Billing	0.0	0.15	0.0	0.0	0.0	11	7	0.0	0.0	0.0	0
42	0	481.48	160.174	513.936	160.217	Calendar	0.0	0.19	0.0	0.0	0.0	48	8	0.0	0.0	0.0	0
43	0	536.4	160.174	578.192	160.217	Cash/Trade	0.0	0.25	0.0	0.0	0.0	150	10	0.0	0.0	0.0	0
44	0	406.681	172.174	444.465	172.217	EOM/EOC	0.0	0.29	0.0	0.0	0.0	43	7	0.0	0.0	0.0	0
45	0	457.92	172.174	493.936	172.217	Broadcast	0.0	0.3	0.0	0.0	0.0	41	9	0.0	0.0	0.0	0
46	0	536.4	172.174	555.072	172.217	Cash	0.0	0.3	0.0	0.0	0.0	21	4	0.0	0.0	0.0	0
47	0	90.0	177.871	108.495	177.92	LUC	0.0	0.29	0.0	0.0	0.0	2004	3	0.0	0.0	0.0	0
48	0	110.997	177.871	136.503	177.92	Media	0.0	0.31	0.0	0.0	0.0	59	5	0.0	0.0	0.0	0
49	0	406.5	184.924	431.404	184.967	Station	0.0	0.38	0.0	0.0	0.0	57	7	0.0	0.0	0.0	0
50	0	457.92	184.924	486.824	184.967	Account	0.0	0.29	0.0	0.0	0.0	15	7	0.0	0.0	0.0	0
51	0	489.048	184.924	523.728	184.967	Executive	0.0	0.24	0.0	0.0	0.0	24	9	0.0	0.0	0.0	0
52	0	536.25	184.924	556.258	184.967	Sales	0.0	0.24	0.0	0.0	0.0	10	5	0.0	0.0	0.0	0
53	0	558.482	184.924	579.378	184.967	Office	0.0	0.24	0.0	0.0	0.0	12	6	0.0	0.0	0.0	0
54	0	102.51	188.371	140.013	188.42	Whitlock	0.0	0.25	0.0	0.0	0.0	2183	8	0.0	0.0	0.0	0
55	0	142.515	188.371	166.032	188.42	Place	0.0	0.26	0.0	0.0	0.0	300	5	0.0	0.0	0.0	0
56	0	90.0	198.871	112.005	198.92	Suite	0.0	0.32	0.0	0.0	0.0	140	5	0.0	0.0	0.0	0
57	0	114.507	198.871	129.519	198.92	201	0.0	0.32	0.0	0.0	0.57	0	3	1.0	1.0	5.3082676	0
58	0	406.5	197.164	430.492	197.208	KMBC	0.0	0.35	0.0	0.0	0.0	1122	4	0.0	0.0	0.0	0
59	0	457.92	196.924	489.04	196.967	Meredith	0.0	0.35	0.0	0.0	0.0	1894	8	0.0	0.0	0.0	0
60	0	491.264	196.924	529.056	196.967	Thompson	0.0	0.36	0.0	0.0	0.0	1952	8	0.0	0.0	0.0	0
61	0	536.25	196.924	603.834	196.967	Eagle-Washington,	0.0	0.36	0.0	0.0	0.0	1903	17	0.0	0.0	0.0	0
62	0	90.0	209.371	127.008	209.42	Marietta,	0.0	0.28	0.0	0.0	0.0	2120	9	0.0	0.0	0.0	0
63	0	148.014	209.371	173.034	209.42	30064	0.0	0.31	0.0	0.0	0.5	0	5	1.0	1.0	10.311117	0
64	0	406.562	209.674	432.794	209.717	Special	0.0	0.35	0.0	0.0	0.0	104	7	0.0	0.0	0.0	0
65	0	435.018	209.674	466.586	209.717	Handling	0.0	0.35	0.0	0.0	0.0	116	8	0.0	0.0	0.0	0
66	0	406.562	234.424	454.13	234.467	Demographic	0.0	0.35	0.0	0.0	0.0	40	11	0.0	0.0	0.0	0
67	0	406.321	246.424	428.553	246.467	Adults	0.0	0.3	0.0	0.0	0.0	192	6	0.0	0.0	0.0	0
68	0	430.777	246.424	444.345	246.467	35+	0.0	0.18	0.0	0.0	0.0	0	3	0.6666667	0.0	0.0	0
69	0	406.5	283.924	424.284	283.967	IDB#	0.0	0.21	0.0	0.0	0.0	171	4	0.0	0.0	0.0	0
70	0	457.92	283.924	493.928	283.967	Advertiser	0.0	0.23	0.0	0.0	0.0	6	10	0.0	0.0	0.0	0
71	0	496.152	283.924	515.272	283.967	Code	0.0	0.23	0.0	0.0	0.0	19	4	0.0	0.0	0.0	0
72	0	536.25	283.924	563.818	283.967	Product	0.0	0.24	0.0	0.0	0.0	5	7	0.0	0.0	0.0	0
73	0	566.042	283.924	585.162	283.967	Code	0.0	0.29	0.0	0.0	0.0	19	4	0.0	0.0	0.0	0
74	0	406.5	295.924	437.636	295.967	9913041	0.0	0.32	0.0	0.0	0.56	0	7	1.0	1.0	16.109362	0
75	0	457.92	295.924	480.592	295.967	KOSC	0.0	0.42	0.0	0.0	0.0	6189	4	0.0	0.0	0.0	0
76	0	406.5	308.674	433.18	308.717	Agency	0.0	0.42	0.0	0.0	0.0	2	6	0.0	0.0	0.0	0
77	0	435.404	308.674	447.852	308.717	Ref	0.0	0.37	0.0	0.0	0.0	63	3	0.0	0.0	0.0	0
78	0	497.251	308.674	533.259	308.717	Advertiser	0.0	0.27	0.0	0.0	0.0	6	10	0.0	0.0	0.0	0
79	0	535.483	308.674	547.931	308.717	Ref	0.0	0.26	0.0	0.0	0.0	63	3	0.0	0.0	0.0	0
80	0	401.25	341.011	426.765	341.059	Spots/	0.0	0.3	0.0	0.0	0.0	4	6	0.0	0.0	0.0	0
81	0	20.251	352.261	41.759	353.151	*Line	0.0	0.25	0.0	0.0	0.0	89	5	0.0	0.0	0.0	0
82	0	69.749	352.261	88.757	352.309	Start	0.0	0.32	0.0	0.0	0.0	26	5	0.0	0.0	0.0	0
83	0	91.259	352.261	128.512	352.309	DateEnd	0.0	0.31	0.0	0.0	0.0	144	7	0.0	0.0	0.0	0
84	0	131.014	352.261	150.022	352.309	Date	0.0	0.29	0.0	0.0	0.0	8	4	0.0	0.0	0.0	0
85	0	155.251	352.261	200.26	352.309	Description	0.0	0.32	0.0	0.0	0.0	62	11	0.0	0.0	0.0	0
86	0	260.252	352.261	297.773	352.309	Start/End	0.0	0.37	0.0	0.0	0.0	35	9	0.0	0.0	0.0	0
87	0	300.275	352.261	320.273	352.309	Time	0.0	0.37	0.0	0.0	0.0	22	4	0.0	0.0	0.0	0
88	0	333.751	352.261	354.253	352.309	Days	0.0	0.27	0.0	0.0	0.0	38	4	0.0	0.0	0.0	0
89	0	369.0	352.261	396.522	352.309	Length	0.0	0.27	0.0	0.0	0.0	56	6	0.0	0.0	0.0	0
90	0	401.25	352.261	424.254	352.309	Week	0.0	0.32	0.0	0.0	0.0	29	4	0.0	0.0	0.0	0
91	0	444.75	352.261	463.758	352.309	Rate	0.0	0.32	0.0	0.0	0.0	13	4	0.0	0.0	0.0	0
92	0	489.002	352.261	533.014	352.309	TypeSpots	0.0	0.34	0.0	0.0	0.0	158	9	0.0	0.0	0.0	0
93	0	558.751	352.261	589.765	352.309	Amount	0.0	0.34	0.0	0.0	0.0	25	6	0.0	0.0	0.0	0
94	0	45.0	364.924	68.112	364.967	KMBC	0.0	0.23	0.0	0.0	0.0	1122	4	0.0	0.0	0.0	0
95	0	71.249	364.924	102.385	364.967	09/24/12	0.0	0.23	0.0	0.0	0.0	0	8	0.75	0.0	0.0	0
96	0	113.25	364.924	144.386	364.967	09/26/12	0.0	0.24	0.0	0.0	0.0	0	8	0.75	0.0	0.0	0
97	0	155.251	364.924	170.803	364.967	First	0.0	0.36	0.0	0.0	0.0	491	5	0.0	0.0	0.0	0
98	0	173.027	364.924	193.027	364.967	News	0.0	0.36	0.0	0.0	0.0	17	4	0.0	0.0	0.0	0
99	0	204.147	364.924	219.707	364.967	6am	0.0	0.36	0.0	0.0	0.0	73	3	0.33333334	0.0	0.0	0
100	0	260.252	364.924	282.924	364.967	6-7am	0.0	0.36	0.0	0.0	0.0	73	5	0.4	0.0	0.0	0
101	0	386.371	364.924	397.491	364.967	:30	0.0	0.3	0.0	0.0	0.0	0	3	0.6666667	0.0	0.0	0
102	0	556.889	364.924	592.473	364.967	$1,800.00	0.0	0.18	0.0	0.0	0.53	0	9	0.6666667	1.0	7.4960976	0
103	0	45.0	376.924	65.0	376.967	Class	0.0	0.31	0.0	0.0	0.0	370	5	0.0	0.0	0.0	0
104	0	76.12	376.924	93.896	376.967	Time	0.0	0.38	0.0	0.0	0.0	22	4	0.0	0.0	0.0	0
105	0	101.008	376.924	146.352	376.967	Pre-emptible	0.0	0.36	0.0	0.0	0.0	389	12	0.0	0.0	0.0	0
106	0	148.576	376.924	162.8	376.967	with	0.0	0.29	0.0	0.0	0.0	101	4	0.0	0.0	0.0	0
107	0	165.024	376.924	186.368	376.967	notice	0.0	0.32	0.0	0.0	0.0	196	6	0.0	0.0	0.0	0
108	0	51.749	385.924	68.645	385.967	Start	0.0	0.32	0.0	0.0	0.0	26	5	0.0	0.0	0.0	0
109	0	70.869	385.924	87.765	385.967	Date	0.0	0.31	0.0	0.0	0.0	8	4	0.0	0.0	0.0	0
110	0	99.0	385.924	113.232	385.967	End	0.0	0.31	0.0	0.0	0.0	28	3	0.0	0.0	0.0	0
111	0	115.456	385.924	132.352	385.967	Date	0.0	0.27	0.0	0.0	0.0	8	4	0.0	0.0	0.0	0
112	0	144.751	385.924	182.095	385.967	Weekdays	0.0	0.28	0.0	0.0	0.0	42	8	0.0	0.0	0.0	0
113	0	204.749	385.924	247.877	385.967	Spots/Week	0.0	0.28	0.0	0.0	0.0	33	10	0.0	0.0	0.0	0
114	0	285.001	385.924	301.897	385.967	Rate	0.0	0.28	0.0	0.0	0.0	13	4	0.0	0.0	0.0	0
115	0	25.5	394.924	48.172	394.967	Week:	0.0	0.26	0.0	0.0	0.0	29	5	0.0	0.0	0.0	0
116	0	51.749	394.924	82.885	394.967	09/24/12	0.0	0.26	0.0	0.0	0.0	0	8	0.75	0.0	0.0	0
117	0	99.0	394.924	130.136	394.967	09/30/12	0.0	0.21	0.0	0.0	0.0	0	8	0.75	0.0	0.0	0
118	0	144.751	394.839	178.519	394.876	111----	0.0	0.21	0.0	0.0	0.0	0	7	0.42857143	0.0	0.0	0
119	0	272.613	394.924	301.525	394.967	$600.00	0.0	0.16	0.0	0.0	0.43	0	7	0.71428573	1.0	6.398595	0
120	0	45.0	408.424	68.112	408.467	KMBC	0.0	0.23	0.0	0.0	0.0	1122	4	0.0	0.0	0.0	0
121	0	71.249	408.424	102.385	408.467	09/24/12	0.0	0.23	0.0	0.0	0.0	0	8	0.75	0.0	0.0	0
122	0	113.25	408.424	144.386	408.467	09/28/12	0.0	0.24	0.0	0.0	0.0	0	8	0.75	0.0	0.0	0
123	0	155.251	408.424	174.819	408.467	Good	0.0	0.32	0.0	0.0	0.0	223	4	0.0	0.0	0.0	0
124	0	177.043	408.424	205.939	408.467	Morning	0.0	0.36	0.0	0.0	0.0	152	7	0.0	0.0	0.0	0
125	0	208.163	408.424	237.499	408.467	America	0.0	0.38	0.0	0.0	0.0	201	7	0.0	0.0	0.0	0
126	0	260.252	408.424	282.924	408.467	7-9am	0.0	0.38	0.0	0.0	0.0	73	5	0.4	0.0	0.0	0
127	0	386.371	408.424	397.491	408.467	:30	0.0	0.34	0.0	0.0	0.0	0	3	0.6666667	0.0	0.0	0
128	0	556.889	408.424	592.473	408.467	$4,500.00	0.0	0.18	0.0	0.0	0.67	0	9	0.6666667	1.0	8.412055	0
129	0	45.0	420.424	65.0	420.467	Class	0.0	0.31	0.0	0.0	0.0	370	5	0.0	0.0	0.0	0
130	0	76.12	420.424	93.896	420.467	Time	0.0	0.38	0.0	0.0	0.0	22	4	0.0	0.0	0.0	0
131	0	101.008	420.424	146.352	420.467	Pre-emptible	0.0	0.36	0.0	0.0	0.0	389	12	0.0	0.0	0.0	0
132	0	148.576	420.424	162.8	420.467	with	0.0	0.29	0.0	0.0	0.0	101	4	0.0	0.0	0.0	0
133	0	165.024	420.424	186.368	420.467	notice	0.0	0.32	0.0	0.0	0.0	196	6	0.0	0.0	0.0	0
134	0	51.749	429.424	68.645	429.467	Start	0.0	0.32	0.0	0.0	0.0	26	5	0.0	0.0	0.0	0
135	0	70.869	429.424	87.765	429.467	Date	0.0	0.31	0.0	0.0	0.0	8	4	0.0	0.0	0.0	0
136	0	99.0	429.424	113.232	429.467	End	0.0	0.31	0.0	0.0	0.0	28	3	0.0	0.0	0.0	0
137	0	115.456	429.424	132.352	429.467	Date	0.0	0.27	0.0	0.0	0.0	8	4	0.0	0.0	0.0	0
138	0	144.751	429.424	182.095	429.467	Weekdays	0.0	0.28	0.0	0.0	0.0	42	8	0.0	0.0	0.0	0
139	0	204.749	429.424	247.877	429.467	Spots/Week	0.0	0.28	0.0	0.0	0.0	33	10	0.0	0.0	0.0	0
140	0	285.001	429.424	301.897	429.467	Rate	0.0	0.28	0.0	0.0	0.0	13	4	0.0	0.0	0.0	0
141	0	25.5	438.424	48.172	438.467	Week:	0.0	0.26	0.0	0.0	0.0	29	5	0.0	0.0	0.0	0
142	0	51.749	438.424	82.885	438.467	09/24/12	0.0	0.26	0.0	0.0	0.0	0	8	0.75	0.0	0.0	0
143	0	99.0	438.424	130.136	438.467	09/30/12	0.0	0.21	0.0	0.0	0.0	0	8	0.75	0.0	0.0	0
144	0	144.751	438.339	178.519	438.376	22222--	0.0	0.21	0.0	0.0	0.0	0	7	0.71428573	0.0	0.0	0
145	0	272.613	438.424	301.525	438.467	$450.00	0.0	0.16	0.0	0.0	0.71	0	7	0.71428573	1.0	6.1114674	0
146	0	45.0	451.914	68.112	451.957	KMBC	0.0	0.23	0.0	0.0	0.0	1122	4	0.0	0.0	0.0	0
147	0	71.249	451.914	102.385	451.957	09/24/12	0.0	0.23	0.0	0.0	0.0	0	8	0.75	0.0	0.0	0
148	0	113.25	451.914	144.386	451.957	09/28/12	0.0	0.24	0.0	0.0	0.0	0	8	0.75	0.0	0.0	0
149	0	155.251	451.914	170.811	451.957	5pm	0.0	0.24	0.0	0.0	0.0	55	3	0.33333334	0.0	0.0	0
150	0	173.035	451.914	193.035	451.957	News	0.0	0.24	0.0	0.0	0.0	17	4	0.0	0.0	0.0	0
151	0	260.252	451.914	291.82	451.957	5-530pm	0.0	0.24	0.0	0.0	0.0	55	7	0.5714286	0.0	0.0	0
152	0	386.371	451.914	397.491	451.957	:30	0.0	0.21	0.0	0.0	0.0	0	3	0.6666667	0.0	0.0	0
153	0	556.889	451.914	592.473	451.957	$3,500.00	0.0	0.18	0.0	0.0	0.53	0	9	0.6666667	1.0	8.160804	0
154	0	45.0	463.914	65.0	463.957	Class	0.0	0.31	0.0	0.0	0.0	370	5	0.0	0.0	0.0	0
155	0	76.12	463.914	93.896	463.957	Time	0.0	0.38	0.0	0.0	0.0	22	4	0.0	0.0	0.0	0
156	0	101.008	463.914	146.352	463.957	Pre-emptible	0.0	0.36	0.0	0.0	0.0	389	12	0.0	0.0	0.0	0
157	0	148.576	463.914	162.8	463.957	with	0.0	0.29	0.0	0.0	0.0	101	4	0.0	0.0	0.0	0
158	0	165.024	463.914	186.368	463.957	notice	0.0	0.32	0.0	0.0	0.0	196	6	0.0	0.0	0.0	0
159	0	51.749	472.914	68.645	472.957	Start	0.0	0.32	0.0	0.0	0.0	26	5	0.0	0.0	0.0	0
160	0	70.869	472.914	87.765	472.957	Date	0.0	0.31	0.0	0.0	0.0	8	4	0.0	0.0	0.0	0
161	0	99.0	472.914	113.232	472.957	End	0.0	0.31	0.0	0.0	0.0	28	3	0.0	0.0	0.0	0
162	0	115.456	472.914	132.352	472.957	Date	0.0	0.27	0.0	0.0	0.0	8	4	0.0	0.0	0.0	0
163	0	144.751	472.914	182.095	472.957	Weekdays	0.0	0.28	0.0	0.0	0.0	42	8	0.0	0.0	0.0	0
164	0	204.749	472.914	247.877	472.957	Spots/Week	0.0	0.28	0.0	0.0	0.0	33	10	0.0	0.0	0.0	0
165	0	285.001	472.914	301.897	472.957	Rate	0.0	0.28	0.0	0.0	0.0	13	4	0.0	0.0	0.0	0
166	0	25.5	481.914	48.172	481.957	Week:	0.0	0.26	0.0	0.0	0.0	29	5	0.0	0.0	0.0	0
167	0	51.749	481.914	82.885	481.957	09/24/12	0.0	0.26	0.0	0.0	0.0	0	8	0.75	0.0	0.0	0
168	0	99.0	481.914	130.136	481.957	09/30/12	0.0	0.21	0.0	0.0	0.0	0	8	0.75	0.0	0.0	0
169	0	144.751	481.829	178.519	481.866	11111--	0.0	0.21	0.0	0.0	0.0	0	7	0.71428573	0.0	0.0	0
170	0	272.613	481.914	301.525	481.957	$700.00	0.0	0.16	0.0	0.0	0.57	0	7	0.71428573	1.0	6.552508	0
171	0	45.0	495.414	68.112	495.457	KMBC	0.0	0.23	0.0	0.0	0.0	1122	4	0.0	0.0	0.0	0
172	0	71.249	495.414	102.385	495.457	09/24/12	0.0	0.23	0.0	0.0	0.0	0	8	0.75	0.0	0.0	0
173	0	113.25	495.414	144.386	495.457	09/28/12	0.0	0.24	0.0	0.0	0.0	0	8	0.75	0.0	0.0	0
174	0	155.251	495.414	170.811	495.457	6pm	0.0	0.24	0.0	0.0	0.0	55	3	0.33333334	0.0	0.0	0
175	0	173.035	495.414	193.035	495.457	News	0.0	0.24	0.0	0.0	0.0	17	4	0.0	0.0	0.0	0
176	0	260.252	495.414	291.82	495.457	6-630pm	0.0	0.24	0.0	0.0	0.0	55	7	0.5714286	0.0	0.0	0
177	0	386.371	495.414	397.491	495.457	:30	0.0	0.21	0.0	0.0	0.0	0	3	0.6666667	0.0	0.0	0
178	0	556.889	495.414	592.473	495.457	$4,125.00	0.0	0.18	0.0	0.0	0.67	0	9	0.6666667	1.0	8.325064	0
179	0	45.0	507.414	65.0	507.457	Class	0.0	0.31	0.0	0.0	0.0	370	5	0.0	0.0	0.0	0
180	0	76.12	507.414	93.896	507.457	Time	0.0	0.38	0.0	0.0	0.0	22	4	0.0	0.0	0.0	0
181	0	101.008	507.414	146.352	507.457	Pre-emptible	0.0	0.36	0.0	0.0	0.0	389	12	0.0	0.0	0.0	0
182	0	148.576	507.414	162.8	507.457	with	0.0	0.29	0.0	0.0	0.0	101	4	0.0	0.0	0.0	0
183	0	165.024	507.414	186.368	507.457	notice	0.0	0.32	0.0	0.0	0.0	196	6	0.0	0.0	0.0	0
184	0	51.749	516.414	68.645	516.457	Start	0.0	0.32	0.0	0.0	0.0	26	5	0.0	0.0	0.0	0
185	0	70.869	516.414	87.765	516.457	Date	0.0	0.31	0.0	0.0	0.0	8	4	0.0	0.0	0.0	0
186	0	99.0	516.414	113.232	516.457	End	0.0	0.31	0.0	0.0	0.0	28	3	0.0	0.0	0.0	0
187	0	115.456	516.414	132.352	516.457	Date	0.0	0.27	0.0	0.0	0.0	8	4	0.0	0.0	0.0	0
188	0	144.751	516.414	182.095	516.457	Weekdays	0.0	0.28	0.0	0.0	0.0	42	8	0.0	0.0	0.0	0
189	0	204.749	516.414	247.877	516.457	Spots/Week	0.0	0.28	0.0	0.0	0.0	33	10	0.0	0.0	0.0	0
190	0	285.001	516.414	301.897	516.457	Rate	0.0	0.28	0.0	0.0	0.0	13	4	0.0	0.0	0.0	0
191	0	25.5	525.414	48.172	525.457	Week:	0.0	0.26	0.0	0.0	0.0	29	5	0.0	0.0	0.0	0
192	0	51.749	525.414	82.885	525.457	09/24/12	0.0	0.26	0.0	0.0	0.0	0	8	0.75	0.0	0.0	0
193	0	99.0	525.414	130.136	525.457	09/30/12	0.0	0.21	0.0	0.0	0.0	0	8	0.75	0.0	0.0	0
194	0	144.751	525.329	178.519	525.366	11111--	0.0	0.21	0.0	0.0	0.0	0	7	0.71428573	0.0	0.0	0
195	0	272.613	525.414	301.525	525.457	$825.00	0.0	0.16	0.0	0.0	0.57	0	7	0.71428573	1.0	6.7165947	0
196	0	45.0	538.914	68.112	538.957	KMBC	0.0	0.23	0.0	0.0	0.0	1122	4	0.0	0.0	0.0	0
197	0	71.249	538.914	102.385	538.957	09/24/12	0.0	0.23	0.0	0.0	0.0	0	8	0.75	0.0	0.0	0
198	0	113.25	538.914	144.386	538.957	09/28/12	0.0	0.18	0.0	0.0	0.0	0	8	0.75	0.0	0.0	0
199	0	155.251	538.914	182.803	538.957	M-F/SU	0.0	0.22	0.0	0.0	0.0	732	6	0.0	0.0	0.0	0
200	0	185.027	538.914	205.035	538.957	10pm	0.0	0.22	0.0	0.0	0.0	55	4	0.5	0.0	0.0	0
201	0	207.259	538.914	227.259	538.957	News	0.0	0.22	0.0	0.0	0.0	17	4	0.0	0.0	0.0	0
202	0	260.252	538.914	300.716	538.957	10-1035pm	0.0	0.22	0.0	0.0	0.0	55	9	0.6666667	0.0	0.0	0
203	0	386.371	538.914	397.491	538.957	:30	0.0	0.2	0.0	0.0	0.0	0	3	0.6666667	0.0	0.0	0
204	0	556.889	538.914	592.473	538.957	$4,000.00	0.0	0.18	0.0	0.0	0.53	0	9	0.6666667	1.0	8.2943	0
205	0	45.0	550.914	65.0	550.957	Class	0.0	0.31	0.0	0.0	0.0	370	5	0.0	0.0	0.0	0
206	0	76.12	550.914	93.896	550.957	Time	0.0	0.38	0.0	0.0	0.0	22	4	0.0	0.0	0.0	0
207	0	101.008	550.914	144.128	550.957	Immediately	0.0	0.27	0.0	0.0	0.0	458	11	0.0	0.0	0.0	0
208	0	146.352	550.914	191.696	550.957	Pre-emptible	0.0	0.27	0.0	0.0	0.0	389	12	0.0	0.0	0.0	0
209	0	193.92	550.914	219.264	550.957	without	0.0	0.27	0.0	0.0	0.0	543	7	0.0	0.0	0.0	0
210	0	221.488	550.914	242.832	550.957	notice	0.0	0.32	0.0	0.0	0.0	196	6	0.0	0.0	0.0	0
211	0	51.749	559.914	68.645	559.957	Start	0.0	0.32	0.0	0.0	0.0	26	5	0.0	0.0	0.0	0
212	0	70.869	559.914	87.765	559.957	Date	0.0	0.31	0.0	0.0	0.0	8	4	0.0	0.0	0.0	0
213	0	99.0	559.914	113.232	559.957	End	0.0	0.31	0.0	0.0	0.0	28	3	0.0	0.0	0.0	0
214	0	115.456	559.914	132.352	559.957	Date	0.0	0.27	0.0	0.0	0.0	8	4	0.0	0.0	0.0	0
215	0	144.751	559.914	182.095	559.957	Weekdays	0.0	0.28	0.0	0.0	0.0	42	8	0.0	0.0	0.0	0
216	0	204.749	559.914	247.877	559.957	Spots/Week	0.0	0.28	0.0	0.0	0.0	33	10	0.0	0.0	0.0	0
217	0	285.001	559.914	301.897	559.957	Rate	0.0	0.28	0.0	0.0	0.0	13	4	0.0	0.0	0.0	0
218	0	25.5	568.914	48.172	568.957	Week:	0.0	0.26	0.0	0.0	0.0	29	5	0.0	0.0	0.0	0
219	0	51.749	568.914	82.885	568.957	09/24/12	0.0	0.26	0.0	0.0	0.0	0	8	0.75	0.0	0.0	0
220	0	99.0	568.914	130.136	568.957	09/30/12	0.0	0.21	0.0	0.0	0.0	0	8	0.75	0.0	0.0	0
221	0	144.751	568.829	178.519	568.866	11111--	0.0	0.21	0.0	0.0	0.0	0	7	0.71428573	0.0	0.0	0
222	0	272.613	568.914	301.525	568.957	$800.00	0.0	0.16	0.0	0.0	0.43	0	7	0.71428573	1.0	6.685861	0
223	0	45.0	582.414	68.112	582.457	KMBC	0.0	0.23	0.0	0.0	0.0	1122	4	0.0	0.0	0.0	0
224	0	71.249	582.414	102.385	582.457	09/30/12	0.0	0.23	0.0	0.0	0.0	0	8	0.75	0.0	0.0	0
225	0	113.25	582.414	144.386	582.457	09/30/12	0.0	0.18	0.0	0.0	0.0	0	8	0.75	0.0	0.0	0
226	0	167.259	582.414	187.267	582.457	10pm	0.0	0.24	0.0	0.0	0.0	55	4	0.5	0.0	0.0	0
227	0	189.491	582.414	208.163	582.457	news	0.0	0.24	0.0	0.0	0.0	17	4	0.0	0.0	0.0	0
228	0	260.252	582.414	300.716	582.457	10-1030pm	0.0	0.24	0.0	0.0	0.0	55	9	0.6666667	0.0	0.0	0
229	0	386.371	582.414	397.491	582.457	:30	0.0	0.2	0.0	0.0	0.0	0	3	0.6666667	0.0	0.0	0
230	0	563.609	582.414	592.521	582.457	$850.00	0.0	0.19	0.0	0.0	0.57	0	7	0.71428573	1.0	6.7464123	0
231	0	45.0	594.414	65.0	594.457	Class	0.0	0.31	0.0	0.0	0.0	370	5	0.0	0.0	0.0	0
232	0	76.12	594.414	93.896	594.457	Time	0.0	0.38	0.0	0.0	0.0	22	4	0.0	0.0	0.0	0
233	0	101.008	594.414	144.128	594.457	Immediately	0.0	0.27	0.0	0.0	0.0	458	11	0.0	0.0	0.0	0
234	0	146.352	594.414	191.696	594.457	Pre-emptible	0.0	0.27	0.0	0.0	0.0	389	12	0.0	0.0	0.0	0
235	0	193.92	594.414	219.264	594.457	without	0.0	0.27	0.0	0.0	0.0	543	7	0.0	0.0	0.0	0
236	0	221.488	594.414	242.832	594.457	notice	0.0	0.32	0.0	0.0	0.0	196	6	0.0	0.0	0.0	0
237	0	51.749	603.414	68.645	603.457	Start	0.0	0.32	0.0	0.0	0.0	26	5	0.0	0.0	0.0	0
238	0	70.869	603.414	87.765	603.457	Date	0.0	0.31	0.0	0.0	0.0	8	4	0.0	0.0	0.0	0
239	0	99.0	603.414	113.232	603.457	End	0.0	0.31	0.0	0.0	0.0	28	3	0.0	0.0	0.0	0
240	0	115.456	603.414	132.352	603.457	Date	0.0	0.27	0.0	0.0	0.0	8	4	0.0	0.0	0.0	0
241	0	144.751	603.414	182.095	603.457	Weekdays	0.0	0.28	0.0	0.0	0.0	42	8	0.0	0.0	0.0	0
242	0	204.749	603.414	247.877	603.457	Spots/Week	0.0	0.28	0.0	0.0	0.0	33	10	0.0	0.0	0.0	0
243	0	285.001	603.414	301.897	603.457	Rate	0.0	0.28	0.0	0.0	0.0	13	4	0.0	0.0	0.0	0
244	0	25.5	612.414	48.172	612.457	Week:	0.0	0.26	0.0	0.0	0.0	29	5	0.0	0.0	0.0	0
245	0	51.749	612.414	82.885	612.457	09/24/12	0.0	0.26	0.0	0.0	0.0	0	8	0.75	0.0	0.0	0
246	0	99.0	612.414	130.136	612.457	09/30/12	0.0	0.21	0.0	0.0	0.0	0	8	0.75	0.0	0.0	0
247	0	144.751	612.329	178.519	612.366	------1	0.0	0.21	0.0	0.0	0.0	0	7	0.14285715	0.0	0.0	0
248	0	272.613	612.414	301.525	612.457	$850.00	0.0	0.16	0.0	0.0	0.57	0	7	0.71428573	1.0	6.7464123	0
249	0	45.0	625.914	68.112	625.957	KMBC	0.0	0.23	0.0	0.0	0.0	1122	4	0.0	0.0	0.0	0
250	0	71.249	625.914	102.385	625.957	09/29/12	0.0	0.23	0.0	0.0	0.0	0	8	0.75	0.0	0.0	0
251	0	113.25	625.914	144.386	625.957	09/29/12	0.0	0.18	0.0	0.0	0.0	0	8	0.75	0.0	0.0	0
252	0	155.251	625.914	175.251	625.957	News	0.0	0.33	0.0	0.0	0.0	17	4	0.0	0.0	0.0	0
253	0	177.475	625.914	197.923	625.957	Wknd	0.0	0.38	0.0	0.0	0.0	558	4	0.0	0.0	0.0	0
254	0	200.147	625.914	212.155	625.957	Sat	0.0	0.38	0.0	0.0	0.0	112	3	0.0	0.0	0.0	0
255	0	260.252	625.914	282.924	625.957	7-9am	0.0	0.38	0.0	0.0	0.0	73	5	0.4	0.0	0.0	0
256	0	386.371	625.914	397.491	625.957	:30	0.0	0.34	0.0	0.0	0.0	0	3	0.6666667	0.0	0.0	0
257	0	563.609	625.914	592.521	625.957	$300.00	0.0	0.19	0.0	0.0	0.43	0	7	0.71428573	1.0	5.7071104	0
258	0	45.0	637.904	65.0	637.947	Class	0.0	0.31	0.0	0.0	0.0	370	5	0.0	0.0	0.0	0
259	0	76.12	637.904	93.896	637.947	Time	0.0	0.38	0.0	0.0	0.0	22	4	0.0	0.0	0.0	0
260	0	101.008	637.904	146.352	637.947	Pre-emptible	0.0	0.36	0.0	0.0	0.0	389	12	0.0	0.0	0.0	0
261	0	148.576	637.904	162.8	637.947	with	0.0	0.29	0.0	0.0	0.0	101	4	0.0	0.0	0.0	0
262	0	165.024	637.904	186.368	637.947	notice	0.0	0.32	0.0	0.0	0.0	196	6	0.0	0.0	0.0	0
263	0	51.749	646.904	68.645	646.947	Start	0.0	0.32	0.0	0.0	0.0	26	5	0.0	0.0	0.0	0
264	0	70.869	646.904	87.765	646.947	Date	0.0	0.31	0.0	0.0	0.0	8	4	0.0	0.0	0.0	0
265	0	99.0	646.904	113.232	646.947	End	0.0	0.31	0.0	0.0	0.0	28	3	0.0	0.0	0.0	0
266	0	115.456	646.904	132.352	646.947	Date	0.0	0.27	0.0	0.0	0.0	8	4	0.0	0.0	0.0	0
267	0	144.751	646.904	182.095	646.947	Weekdays	0.0	0.28	0.0	0.0	0.0	42	8	0.0	0.0	0.0	0
268	0	204.749	646.904	247.877	646.947	Spots/Week	0.0	0.28	0.0	0.0	0.0	33	10	0.0	0.0	0.0	0
269	0	285.001	646.904	301.897	646.947	Rate	0.0	0.28	0.0	0.0	0.0	13	4	0.0	0.0	0.0	0
270	0	25.5	655.904	48.172	655.947	Week:	0.0	0.26	0.0	0.0	0.0	29	5	0.0	0.0	0.0	0
271	0	51.749	655.904	82.885	655.947	09/24/12	0.0	0.26	0.0	0.0	0.0	0	8	0.75	0.0	0.0	0
272	0	99.0	655.904	130.136	655.947	09/30/12	0.0	0.21	0.0	0.0	0.0	0	8	0.75	0.0	0.0	0
273	0	144.751	655.829	178.519	655.866	-----S-	0.0	0.19	0.0	0.0	0.0	49	7	0.0	0.0	0.0	0
274	0	272.613	655.904	301.525	655.947	$300.00	0.0	0.15	0.0	0.0	0.43	0	7	0.71428573	1.0	5.7071104	0
275	0	45.0	669.404	68.112	669.447	KMBC	0.0	0.23	0.0	0.0	0.0	1122	4	0.0	0.0	0.0	0
276	0	71.249	669.404	102.385	669.447	09/30/12	0.0	0.23	0.0	0.0	0.0	0	8	0.75	0.0	0.0	0
277	0	113.25	669.404	144.386	669.447	09/30/12	0.0	0.24	0.0	0.0	0.0	0	8	0.75	0.0	0.0	0
278	0	155.251	669.404	170.811	669.447	5pm	0.0	0.25	0.0	0.0	0.0	55	3	0.33333334	0.0	0.0	0
279	0	173.035	669.404	193.035	669.447	News	0.0	0.28	0.0	0.0	0.0	17	4	0.0	0.0	0.0	0
280	0	195.259	669.404	222.387	669.447	Sunday	0.0	0.32	0.0	0.0	0.0	122	6	0.0	0.0	0.0	0
281	0	260.252	669.404	282.924	669.447	5-6pm	0.0	0.32	0.0	0.0	0.0	55	5	0.4	0.0	0.0	0
282	0	386.371	669.404	397.491	669.447	:30	0.0	0.29	0.0	0.0	0.0	0	3	0.6666667	0.0	0.0	0
283	0	563.609	669.404	592.521	669.447	$400.00	0.0	0.19	0.0	0.0	0.57	0	7	0.71428573	1.0	5.9939613	0
284	0	45.0	681.404	65.0	681.447	Class	0.0	0.31	0.0	0.0	0.0	370	5	0.0	0.0	0.0	0
285	0	76.12	681.404	93.896	681.447	Time	0.0	0.38	0.0	0.0	0.0	22	4	0.0	0.0	0.0	0
286	0	101.008	681.404	146.352	681.447	Pre-emptible	0.0	0.36	0.0	0.0	0.0	389	12	0.0	0.0	0.0	0
287	0	148.576	681.404	162.8	681.447	with	0.0	0.29	0.0	0.0	0.0	101	4	0.0	0.0	0.0	0
288	0	165.024	681.404	186.368	681.447	notice	0.0	0.32	0.0	0.0	0.0	196	6	0.0	0.0	0.0	0
289	0	51.749	690.404	68.645	690.447	Start	0.0	0.32	0.0	0.0	0.0	26	5	0.0	0.0	0.0	0
290	0	70.869	690.404	87.765	690.447	Date	0.0	0.31	0.0	0.0	0.0	8	4	0.0	0.0	0.0	0
291	0	99.0	690.404	113.232	690.447	End	0.0	0.31	0.0	0.0	0.0	28	3	0.0	0.0	0.0	0
292	0	115.456	690.404	132.352	690.447	Date	0.0	0.27	0.0	0.0	0.0	8	4	0.0	0.0	0.0	0
293	0	144.751	690.404	182.095	690.447	Weekdays	0.0	0.28	0.0	0.0	0.0	42	8	0.0	0.0	0.0	0
294	0	204.749	690.404	247.877	690.447	Spots/Week	0.0	0.28	0.0	0.0	0.0	33	10	0.0	0.0	0.0	0
295	0	285.001	690.404	301.897	690.447	Rate	0.0	0.28	0.0	0.0	0.0	13	4	0.0	0.0	0.0	0
296	0	213.517	715.534	228.637	715.577	Line	0.0	0.27	0.0	0.0	0.0	89	4	0.0	0.0	0.0	0
297	0	230.861	715.534	278.877	715.577	Transactions:	0.0	0.27	0.0	0.0	0.0	148	13	0.0	0.0	0.0	0
298	0	298.221	715.534	316.445	715.577	New,	0.0	0.22	0.0	0.0	0.0	46	4	0.0	0.0	0.0	0
299	0	333.125	715.534	358.029	715.577	Edited,	0.0	0.29	0.0	0.0	0.0	149	7	0.0	0.0	0.0	0
300	0	375.149	715.534	405.381	715.577	Deleted)	0.0	0.31	0.0	0.0	0.0	147	8	0.0	0.0	0.0	0
301	0	21.45	723.101	64.134	723.134	Notwithstanding	0.0	0.39	0.0	0.0	0.0	180	15	0.0	0.0	0.0	0
302	0	72.474	723.101	88.476	723.134	whom	0.0	0.34	0.0	0.0	0.0	184	4	0.0	0.0	0.0	0
303	0	90.144	723.101	100.476	723.134	bills	0.0	0.3	0.0	0.0	0.0	186	5	0.0	0.0	0.0	0
304	0	102.144	723.101	110.814	723.134	are	0.0	0.29	0.0	0.0	0.0	127	3	0.0	0.0	0.0	0
305	0	112.482	723.101	138.162	723.134	rendered,	0.0	0.29	0.0	0.0	0.0	185	9	0.0	0.0	0.0	0
306	0	139.83	723.101	167.838	723.134	advertiser,	0.0	0.29	0.0	0.0	0.0	6	11	0.0	0.0	0.0	0
307	0	169.506	723.101	188.85	723.134	agency	0.0	0.29	0.0	0.0	0.0	2	6	0.0	0.0	0.0	0
308	0	190.518	723.101	200.526	723.134	and	0.0	0.29	0.0	0.0	0.0	77	3	0.0	0.0	0.0	0
309	0	202.194	723.101	222.864	723.134	service,	0.0	0.31	0.0	0.0	0.0	169	8	0.0	0.0	0.0	0
310	0	224.532	723.101	239.868	723.134	jointly	0.0	0.33	0.0	0.0	0.0	155	7	0.0	0.0	0.0	0
311	0	241.536	723.101	251.544	723.134	and	0.0	0.33	0.0	0.0	0.0	77	3	0.0	0.0	0.0	0
312	0	253.212	723.101	278.55	723.134	severally,	0.0	0.33	0.0	0.0	0.0	151	10	0.0	0.0	0.0	0
313	0	280.218	723.101	292.554	723.134	shall	0.0	0.29	0.0	0.0	0.0	137	5	0.0	0.0	0.0	0
314	0	294.222	723.101	312.558	723.134	remain	0.0	0.32	0.0	0.0	0.0	179	6	0.0	0.0	0.0	0
315	0	314.226	723.101	338.574	723.134	obligated	0.0	0.4	0.0	0.0	0.0	181	9	0.0	0.0	0.0	0
316	0	346.914	723.101	356.586	723.134	pay	0.0	0.38	0.0	0.0	0.0	178	3	0.0	0.0	0.0	0
317	0	364.926	723.101	382.602	723.134	station	0.0	0.44	0.0	0.0	0.0	57	7	0.0	0.0	0.0	0
318	0	384.27	723.101	392.61	723.134	the	0.0	0.44	0.0	0.0	0.0	44	3	0.0	0.0	0.0	0
319	0	394.278	723.101	414.288	723.134	amount	0.0	0.44	0.0	0.0	0.0	25	6	0.0	0.0	0.0	0
320	0	422.628	723.101	432.3	723.134	any	0.0	0.36	0.0	0.0	0.0	126	3	0.0	0.0	0.0	0
321	0	433.968	723.101	444.3	723.134	bills	0.0	0.31	0.0	0.0	0.0	186	5	0.0	0.0	0.0	0
322	0	445.968	723.101	469.98	723.134	rendered	0.0	0.31	0.0	0.0	0.0	185	8	0.0	0.0	0.0	0
323	0	479.652	723.101	497.328	723.134	station	0.0	0.38	0.0	0.0	0.0	57	7	0.0	0.0	0.0	0
324	0	498.996	723.101	514.332	723.134	within	0.0	0.3	0.0	0.0	0.0	167	6	0.0	0.0	0.0	0
325	0	516.0	723.101	524.34	723.134	the	0.0	0.29	0.0	0.0	0.0	44	3	0.0	0.0	0.0	0
326	0	526.008	723.101	537.342	723.134	time	0.0	0.29	0.0	0.0	0.0	22	4	0.0	0.0	0.0	0
327	0	539.01	723.101	562.686	723.134	specified	0.0	0.31	0.0	0.0	0.0	153	9	0.0	0.0	0.0	0
328	0	564.354	723.101	574.362	723.134	and	0.0	0.31	0.0	0.0	0.0	77	3	0.0	0.0	0.0	0
329	0	576.03	723.101	587.034	723.134	until	0.0	0.16	0.0	0.0	0.0	177	5	0.0	0.0	0.0	0
330	0	29.31	730.181	52.32	730.214	payment	0.0	0.16	0.0	0.0	0.0	118	7	0.0	0.0	0.0	0
331	0	60.324	730.181	67.992	730.214	full	0.0	0.21	0.0	0.0	0.0	176	4	0.0	0.0	0.0	0
332	0	75.66	730.181	98.334	730.214	received	0.0	0.25	0.0	0.0	0.0	164	8	0.0	0.0	0.0	0
333	0	108.006	730.181	127.35	730.214	station.	0.0	0.36	0.0	0.0	0.0	57	8	0.0	0.0	0.0	0
334	0	130.686	730.181	154.362	730.214	Payment	0.0	0.23	0.0	0.0	0.0	118	7	0.0	0.0	0.0	0
335	0	164.034	730.181	190.374	730.214	advertiser	0.0	0.29	0.0	0.0	0.0	6	10	0.0	0.0	0.0	0
336	0	198.714	730.181	218.058	730.214	agency	0.0	0.33	0.0	0.0	0.0	2	6	0.0	0.0	0.0	0
337	0	233.4	730.181	252.402	730.214	service	0.0	0.4	0.0	0.0	0.0	169	7	0.0	0.0	0.0	0
338	0	261.072	730.181	284.082	730.214	payment	0.0	0.38	0.0	0.0	0.0	118	7	0.0	0.0	0.0	0
339	0	293.754	730.181	313.098	730.214	agency	0.0	0.29	0.0	0.0	0.0	2	6	0.0	0.0	0.0	0
340	0	321.438	730.181	342.108	730.214	service,	0.0	0.38	0.0	0.0	0.0	169	8	0.0	0.0	0.0	0
341	0	343.776	730.181	356.112	730.214	shall	0.0	0.38	0.0	0.0	0.0	137	5	0.0	0.0	0.0	0
342	0	357.78	730.181	366.12	730.214	not	0.0	0.39	0.0	0.0	0.0	117	3	0.0	0.0	0.0	0
343	0	367.788	730.181	393.468	730.214	constitute	0.0	0.42	0.0	0.0	0.0	156	10	0.0	0.0	0.0	0
344	0	395.136	730.181	418.146	730.214	payment	0.0	0.42	0.0	0.0	0.0	118	7	0.0	0.0	0.0	0
345	0	426.486	730.181	445.83	730.214	station.	0.0	0.42	0.0	0.0	0.0	57	8	0.0	0.0	0.0	0
346	0	449.166	730.181	467.844	730.214	Station	0.0	0.38	0.0	0.0	0.0	57	7	0.0	0.0	0.0	0
347	0	469.512	730.181	477.84	730.214	will	0.0	0.32	0.0	0.0	0.0	174	4	0.0	0.0	0.0	0
348	0	479.508	730.181	487.848	730.214	not	0.0	0.33	0.0	0.0	0.0	117	3	0.0	0.0	0.0	0
349	0	497.856	730.181	514.536	730.214	bound	0.0	0.33	0.0	0.0	0.0	202	5	0.0	0.0	0.0	0
350	0	524.208	730.181	552.888	730.214	conditions,	0.0	0.31	0.0	0.0	0.0	125	11	0.0	0.0	0.0	0
351	0	554.556	730.181	572.898	730.214	printed	0.0	0.31	0.0	0.0	0.0	159	7	0.0	0.0	0.0	0
352	0	28.11	737.261	55.452	737.294	otherwise,	0.0	0.38	0.0	0.0	0.0	146	10	0.0	0.0	0.0	0
353	0	65.46	737.261	91.47	737.294	contracts,	0.0	0.3	0.0	0.0	0.0	130	10	0.0	0.0	0.0	0
354	0	93.138	737.261	115.812	737.294	insertion	0.0	0.35	0.0	0.0	0.0	208	9	0.0	0.0	0.0	0
355	0	117.48	737.261	136.152	737.294	orders,	0.0	0.32	0.0	0.0	0.0	54	7	0.0	0.0	0.0	0
356	0	137.82	737.261	150.492	737.294	copy	0.0	0.33	0.0	0.0	0.0	206	4	0.0	0.0	0.0	0
357	0	152.16	737.261	182.502	737.294	instructions	0.0	0.33	0.0	0.0	0.0	172	12	0.0	0.0	0.0	0
358	0	191.172	737.261	200.844	737.294	any	0.0	0.32	0.0	0.0	0.0	126	3	0.0	0.0	0.0	0
359	0	202.512	737.261	245.532	737.294	correspondence	0.0	0.21	0.0	0.0	0.0	183	14	0.0	0.0	0.0	0
360	0	247.2	737.261	261.54	737.294	when	0.0	0.19	0.0	0.0	0.0	204	4	0.0	0.0	0.0	0
361	0	263.208	737.261	275.88	737.294	such	0.0	0.18	0.0	0.0	0.0	168	4	0.0	0.0	0.0	0
362	0	277.548	737.261	296.22	737.294	conflict	0.0	0.29	0.0	0.0	0.0	207	8	0.0	0.0	0.0	0
363	0	297.888	737.261	308.556	737.294	with	0.0	0.32	0.0	0.0	0.0	101	4	0.0	0.0	0.0	0
364	0	310.224	737.261	318.564	737.294	the	0.0	0.4	0.0	0.0	0.0	44	3	0.0	0.0	0.0	0
365	0	320.232	737.261	336.576	737.294	above	0.0	0.44	0.0	0.0	0.0	135	5	0.0	0.0	0.0	0
366	0	338.244	737.261	353.244	737.294	terms	0.0	0.45	0.0	0.0	0.0	100	5	0.0	0.0	0.0	0
367	0	354.912	737.261	364.92	737.294	and	0.0	0.45	0.0	0.0	0.0	77	3	0.0	0.0	0.0	0
368	0	366.588	737.261	395.268	737.294	conditions.	0.0	0.37	0.0	0.0	0.0	125	11	0.0	0.0	0.0	0
369	0	398.604	737.261	410.94	737.294	Four	0.0	0.32	0.0	0.0	0.0	422	4	0.0	0.0	0.0	0
370	0	412.608	737.261	429.612	737.294	weeks	0.0	0.23	0.0	0.0	0.0	293	5	0.0	0.0	0.0	0
371	0	431.28	737.261	453.96	737.294	advance	0.0	0.23	0.0	0.0	0.0	209	7	0.0	0.0	0.0	0
372	0	455.628	737.261	487.308	737.294	cancellation	0.0	0.24	0.0	0.0	0.0	230	12	0.0	0.0	0.0	0
373	0	488.976	737.261	504.984	737.294	notice	0.0	0.33	0.0	0.0	0.0	196	6	0.0	0.0	0.0	0
374	0	512.652	737.261	534.66	737.294	required	0.0	0.33	0.0	0.0	0.0	222	8	0.0	0.0	0.0	0
375	0	536.328	737.261	553.668	737.294	unless	0.0	0.28	0.0	0.0	0.0	205	6	0.0	0.0	0.0	0
376	0	555.336	737.261	581.01	737.294	otherwise	0.0	0.35	0.0	0.0	0.0	146	9	0.0	0.0	0.0	0
377	0	293.91	744.341	319.254	744.374	specified.	0.0	0.3	0.0	0.0	0.0	153	10	0.0	0.0	0.0	0
378	0	22.65	751.421	40.32	751.454	Hearst	0.0	0.27	0.0	0.0	0.0	610	6	0.0	0.0	0.0	0
379	0	41.988	751.421	66.996	751.454	television	0.0	0.27	0.0	0.0	0.0	323	10	0.0	0.0	0.0	0
380	0	68.664	751.421	78.0	751.454	inc,	0.0	0.26	0.0	0.0	0.0	166	4	0.0	0.0	0.0	0
381	0	81.336	751.421	94.344	751.454	does	0.0	0.29	0.0	0.0	0.0	212	4	0.0	0.0	0.0	0
382	0	96.012	751.421	104.352	751.454	not	0.0	0.29	0.0	0.0	0.0	117	3	0.0	0.0	0.0	0
383	0	106.02	751.421	138.024	751.454	discriminate	0.0	0.28	0.0	0.0	0.0	197	12	0.0	0.0	0.0	0
384	0	146.028	751.421	154.368	751.454	the	0.0	0.24	0.0	0.0	0.0	44	3	0.0	0.0	0.0	0
385	0	156.036	751.421	167.04	751.454	sale	0.0	0.28	0.0	0.0	0.0	340	4	0.0	0.0	0.0	0
386	0	175.38	751.421	204.39	751.454	advertising	0.0	0.31	0.0	0.0	0.0	157	11	0.0	0.0	0.0	0
387	0	206.058	751.421	219.06	751.454	time,	0.0	0.36	0.0	0.0	0.0	22	5	0.0	0.0	0.0	0
388	0	220.728	751.421	230.736	751.454	and	0.0	0.36	0.0	0.0	0.0	77	3	0.0	0.0	0.0	0
389	0	232.404	751.421	240.732	751.454	will	0.0	0.31	0.0	0.0	0.0	174	4	0.0	0.0	0.0	0
390	0	242.4	751.421	260.076	751.454	accept	0.0	0.25	0.0	0.0	0.0	242	6	0.0	0.0	0.0	0
391	0	270.084	751.421	299.094	751.454	advertising	0.0	0.3	0.0	0.0	0.0	157	11	0.0	0.0	0.0	0
392	0	300.762	751.421	316.098	751.454	which	0.0	0.25	0.0	0.0	0.0	239	5	0.0	0.0	0.0	0
393	0	323.766	751.421	341.442	751.454	placed	0.0	0.27	0.0	0.0	0.0	379	6	0.0	0.0	0.0	0
394	0	343.11	751.421	353.778	751.454	with	0.0	0.21	0.0	0.0	0.0	101	4	0.0	0.0	0.0	0
395	0	363.786	751.421	378.462	751.454	intent	0.0	0.28	0.0	0.0	0.0	439	6	0.0	0.0	0.0	0
396	0	386.802	751.421	418.806	751.454	discriminate	0.0	0.33	0.0	0.0	0.0	197	12	0.0	0.0	0.0	0
397	0	428.814	751.421	437.154	751.454	the	0.0	0.32	0.0	0.0	0.0	44	3	0.0	0.0	0.0	0
398	0	438.822	751.421	452.826	751.454	basis	0.0	0.23	0.0	0.0	0.0	195	5	0.0	0.0	0.0	0
399	0	461.166	751.421	472.836	751.454	race	0.0	0.27	0.0	0.0	0.0	188	4	0.0	0.0	0.0	0
400	0	481.506	751.421	505.182	751.454	ethnicity.	0.0	0.22	0.0	0.0	0.0	199	10	0.0	0.0	0.0	0
401	0	508.518	751.421	535.524	751.454	Advertiser	0.0	0.22	0.0	0.0	0.0	6	10	0.0	0.0	0.0	0
402	0	537.192	751.421	555.534	751.454	hereby	0.0	0.24	0.0	0.0	0.0	218	6	0.0	0.0	0.0	0
403	0	557.202	751.421	585.546	751.454	represents	0.0	0.3	0.0	0.0	0.0	385	10	0.0	0.0	0.0	0
404	0	24.69	758.501	34.698	758.534	and	0.0	0.3	0.0	0.0	0.0	77	3	0.0	0.0	0.0	0
405	0	36.366	758.501	59.37	758.534	warrants	0.0	0.23	0.0	0.0	0.0	391	8	0.0	0.0	0.0	0
406	0	61.038	758.501	71.046	758.534	that	0.0	0.23	0.0	0.0	0.0	173	4	0.0	0.0	0.0	0
407	0	83.382	758.501	91.722	758.534	not	0.0	0.24	0.0	0.0	0.0	117	3	0.0	0.0	0.0	0
408	0	93.39	758.501	122.736	758.534	purchasing	0.0	0.22	0.0	0.0	0.0	401	10	0.0	0.0	0.0	0
409	0	124.404	758.501	150.75	758.534	broadcast	0.0	0.31	0.0	0.0	0.0	41	9	0.0	0.0	0.0	0
410	0	152.418	758.501	159.084	758.534	air	0.0	0.31	0.0	0.0	0.0	279	3	0.0	0.0	0.0	0
411	0	160.752	758.501	172.086	758.534	time	0.0	0.29	0.0	0.0	0.0	22	4	0.0	0.0	0.0	0
412	0	173.754	758.501	189.096	758.534	under	0.0	0.29	0.0	0.0	0.0	288	5	0.0	0.0	0.0	0
413	0	190.764	758.501	200.1	758.534	this	0.0	0.28	0.0	0.0	0.0	82	4	0.0	0.0	0.0	0
414	0	201.768	758.501	230.778	758.534	advertising	0.0	0.28	0.0	0.0	0.0	157	11	0.0	0.0	0.0	0
415	0	232.446	758.501	246.45	758.534	sales	0.0	0.33	0.0	0.0	0.0	10	5	0.0	0.0	0.0	0
416	0	248.118	758.501	269.46	758.534	contract	0.0	0.4	0.0	0.0	0.0	53	8	0.0	0.0	0.0	0
417	0	271.128	758.501	278.13	758.534	for	0.0	0.4	0.0	0.0	0.0	50	3	0.0	0.0	0.0	0
418	0	284.802	758.501	321.804	758.534	discriminatory	0.0	0.25	0.0	0.0	0.0	432	14	0.0	0.0	0.0	0
419	0	323.472	758.501	346.818	758.534	purpose,	0.0	0.27	0.0	0.0	0.0	363	8	0.0	0.0	0.0	0
420	0	348.486	758.501	372.162	758.534	including	0.0	0.26	0.0	0.0	0.0	238	9	0.0	0.0	0.0	0
421	0	373.83	758.501	382.17	758.534	but	0.0	0.34	0.0	0.0	0.0	372	3	0.0	0.0	0.0	0
422	0	383.838	758.501	392.178	758.534	not	0.0	0.38	0.0	0.0	0.0	117	3	0.0	0.0	0.0	0
423	0	393.846	758.501	411.18	758.534	limited	0.0	0.38	0.0	0.0	0.0	380	7	0.0	0.0	0.0	0
424	0	419.52	758.501	444.528	758.534	decisions	0.0	0.29	0.0	0.0	0.0	431	9	0.0	0.0	0.0	0
425	0	446.196	758.501	454.536	758.534	not	0.0	0.32	0.0	0.0	0.0	117	3	0.0	0.0	0.0	0
426	0	462.876	758.501	477.216	758.534	place	0.0	0.29	0.0	0.0	0.0	300	5	0.0	0.0	0.0	0
427	0	478.884	758.501	507.894	758.534	advertising	0.0	0.3	0.0	0.0	0.0	157	11	0.0	0.0	0.0	0
428	0	517.902	758.501	542.574	758.534	particular	0.0	0.29	0.0	0.0	0.0	251	10	0.0	0.0	0.0	0
429	0	544.242	758.501	564.918	758.534	stations	0.0	0.36	0.0	0.0	0.0	228	8	0.0	0.0	0.0	0
430	0	574.926	758.501	583.266	758.534	the	0.0	0.32	0.0	0.0	0.0	44	3	0.0	0.0	0.0	0
431	0	273.21	765.581	287.214	765.614	basis	0.0	0.25	0.0	0.0	0.0	195	5	0.0	0.0	0.0	0
432	0	295.554	765.581	307.224	765.614	race	0.0	0.27	0.0	0.0	0.0	188	4	0.0	0.0	0.0	0
433	0	315.894	765.581	339.57	765.614	ethnicity.	0.0	0.29	0.0	0.0	0.0	199	10	0.0	0.0	0.0	0
434	1	18.0	25.174	48.232	25.217	Contract	0.0	0.39	0.0	0.0	0.0	53	8	0.0	0.0	0.0	0
435	1	50.456	25.174	89.584	25.217	Agreement	0.0	0.39	0.0	0.0	0.0	115	9	0.0	0.0	0.0	0
436	1	91.808	25.174	125.16	25.217	Between:	0.0	0.31	0.0	0.0	0.0	120	8	0.0	0.0	0.0	0
437	1	433.023	25.174	449.471	25.217	Print	0.0	0.29	0.0	0.0	0.0	37	5	0.0	0.0	0.0	0
438	1	451.695	25.174	468.591	25.217	Date	0.0	0.33	0.0	0.0	0.0	8	4	0.0	0.0	0.0	0
439	1	474.001	25.174	505.137	25.217	09/20/12	0.0	0.33	0.0	0.0	0.0	0	8	0.75	0.0	0.0	0
440	1	533.251	25.174	551.931	25.217	Page	0.0	0.33	0.0	0.0	0.0	7	4	0.0	0.0	0.0	0
441	1	406.681	55.174	436.913	55.217	Contract	0.0	0.36	0.0	0.0	0.0	53	8	0.0	0.0	0.0	0
442	1	443.585	55.174	474.257	55.217	Revision	0.0	0.27	0.0	0.0	0.0	75	8	0.0	0.0	0.0	0
443	1	495.842	55.174	505.178	55.217	Alt	0.0	0.3	0.0	0.0	0.0	31	3	0.0	0.0	0.0	0
444	1	507.402	55.174	527.85	55.217	Order	0.0	0.33	0.0	0.0	0.0	9	5	0.0	0.0	0.0	0
445	1	119.999	60.957	149.989	61.012	KMBC	0.0	0.33	0.0	0.0	0.0	1122	4	0.0	0.0	0.0	0
446	1	417.001	67.174	443.689	67.217	953768	0.0	0.27	0.0	0.0	0.59	0	6	1.0	1.0	13.768177	0
447	1	495.842	67.174	531.426	67.217	07901204	0.0	0.26	0.0	0.0	0.44	0	8	1.0	1.0	15.882525	0
448	1	119.999	72.957	142.239	73.012	6455	0.0	0.32	0.0	0.0	0.67	0	4	1.0	1.0	8.772765	0
449	1	145.019	72.957	198.919	73.012	Winchester	0.0	0.37	0.0	0.0	0.0	2119	10	0.0	0.0	0.0	0
450	1	201.699	72.957	220.039	73.012	Ave	0.0	0.37	0.0	0.0	0.0	198	3	0.0	0.0	0.0	0
451	1	119.999	84.957	155.569	85.012	Kansas	0.0	0.37	0.0	0.0	0.0	1632	6	0.0	0.0	0.0	0
452	1	158.349	84.957	180.019	85.012	City,	0.0	0.37	0.0	0.0	0.0	551	5	0.0	0.0	0.0	0
453	1	204.469	84.957	257.839	85.012	64133-6409	0.0	0.27	0.0	0.0	0.0	0	10	0.9	0.0	0.0	0
454	1	309.002	85.174	339.234	85.217	Contract	0.0	0.36	0.0	0.0	0.0	53	8	0.0	0.0	0.0	0
455	1	341.458	85.174	362.354	85.217	Dates	0.0	0.31	0.0	0.0	0.0	18	5	0.0	0.0	0.0	0
456	1	405.751	85.174	433.319	85.217	Product	0.0	0.31	0.0	0.0	0.0	5	7	0.0	0.0	0.0	0
457	1	495.0	85.174	526.12	85.217	Estimate	0.0	0.28	0.0	0.0	0.0	23	8	0.0	0.0	0.0	0
458	1	119.999	96.957	185.589	97.012	(816)221-9999	0.0	0.23	0.0	0.0	0.0	0	13	0.7692308	0.0	0.0	0
459	1	309.002	97.414	340.138	97.458	09/24/12	0.0	0.62	0.0	0.0	0.0	0	8	0.75	0.0	0.0	0
460	1	347.25	97.414	378.386	97.458	09/30/12	0.0	0.78	0.0	0.0	0.0	0	8	0.75	0.0	0.0	0
461	1	406.681	97.174	476.913	97.217	KOSTER/AG/D-MO	0.0	1.0	0.0	0.0	0.0	6187	14	0.0	0.0	0.0	advertiser
462	1	309.002	115.174	345.01	115.217	Advertiser	0.0	0.74	0.0	0.0	0.0	6	10	0.0	0.0	0.0	0
463	1	475.501	115.174	503.061	115.217	Original	0.0	0.61	0.0	0.0	0.0	39	8	0.0	0.0	0.0	0
464	1	505.285	115.174	522.181	115.217	Date	0.0	0.56	0.0	0.0	0.0	8	4	0.0	0.0	0.0	0
465	1	528.853	115.174	559.525	115.217	Revision	0.0	0.35	0.0	0.0	0.0	75	8	0.0	0.0	0.0	0
466	1	18.0	121.412	63.92	121.457	www.kmbc.com	0.0	0.42	0.0	0.0	0.0	2227	12	0.0	0.0	0.0	0
467	1	309.002	128.914	377.45	128.958	Koster/D/Attorney	0.0	0.58	0.0	0.0	0.0	6188	17	0.0	0.0	0.0	0
468	1	379.674	128.914	409.466	128.958	General	0.0	0.47	0.0	0.0	0.0	138	7	0.0	0.0	0.0	0
469	1	483.54	127.174	514.676	127.217	09/20/12	0.0	0.43	0.0	0.0	0.0	0	8	0.75	0.0	0.0	0
470	1	536.416	127.174	567.552	127.217	09/20/12	0.0	0.21	0.0	0.0	0.0	0	8	0.75	0.0	0.0	0
471	1	401.25	151.261	426.765	151.309	Spots/	0.0	0.3	0.0	0.0	0.0	4	6	0.0	0.0	0.0	0
472	1	20.251	162.511	41.759	163.401	*Line	0.0	0.25	0.0	0.0	0.0	89	5	0.0	0.0	0.0	0
473	1	69.749	162.511	88.757	162.559	Start	0.0	0.32	0.0	0.0	0.0	26	5	0.0	0.0	0.0	0
474	1	91.259	162.511	128.512	162.559	DateEnd	0.0	0.31	0.0	0.0	0.0	144	7	0.0	0.0	0.0	0
475	1	131.014	162.511	150.022	162.559	Date	0.0	0.29	0.0	0.0	0.0	8	4	0.0	0.0	0.0	0
476	1	155.251	162.511	200.26	162.559	Description	0.0	0.32	0.0	0.0	0.0	62	11	0.0	0.0	0.0	0
477	1	260.252	162.511	297.773	162.559	Start/End	0.0	0.37	0.0	0.0	0.0	35	9	0.0	0.0	0.0	0
478	1	300.275	162.511	320.273	162.559	Time	0.0	0.37	0.0	0.0	0.0	22	4	0.0	0.0	0.0	0
479	1	333.751	162.511	354.253	162.559	Days	0.0	0.27	0.0	0.0	0.0	38	4	0.0	0.0	0.0	0
480	1	369.0	162.511	396.522	162.559	Length	0.0	0.27	0.0	0.0	0.0	56	6	0.0	0.0	0.0	0
481	1	401.25	162.511	424.254	162.559	Week	0.0	0.32	0.0	0.0	0.0	29	4	0.0	0.0	0.0	0
482	1	444.75	162.511	463.758	162.559	Rate	0.0	0.32	0.0	0.0	0.0	13	4	0.0	0.0	0.0	0
483	1	489.002	162.511	533.014	162.559	TypeSpots	0.0	0.34	0.0	0.0	0.0	158	9	0.0	0.0	0.0	0
484	1	558.751	162.511	589.765	162.559	Amount	0.0	0.34	0.0	0.0	0.0	25	6	0.0	0.0	0.0	0
485	1	51.749	175.174	68.645	175.217	Start	0.0	0.32	0.0	0.0	0.0	26	5	0.0	0.0	0.0	0
486	1	70.869	175.174	87.765	175.217	Date	0.0	0.31	0.0	0.0	0.0	8	4	0.0	0.0	0.0	0
487	1	99.0	175.174	113.232	175.217	End	0.0	0.31	0.0	0.0	0.0	28	3	0.0	0.0	0.0	0
488	1	115.456	175.174	132.352	175.217	Date	0.0	0.27	0.0	0.0	0.0	8	4	0.0	0.0	0.0	0
489	1	144.751	175.174	182.095	175.217	Weekdays	0.0	0.28	0.0	0.0	0.0	42	8	0.0	0.0	0.0	0
490	1	204.749	175.174	247.877	175.217	Spots/Week	0.0	0.28	0.0	0.0	0.0	33	10	0.0	0.0	0.0	0
491	1	285.001	175.174	301.897	175.217	Rate	0.0	0.28	0.0	0.0	0.0	13	4	0.0	0.0	0.0	0
492	1	25.5	184.174	48.172	184.217	Week:	0.0	0.26	0.0	0.0	0.0	29	5	0.0	0.0	0.0	0
493	1	51.749	184.174	82.885	184.217	09/24/12	0.0	0.26	0.0	0.0	0.0	0	8	0.75	0.0	0.0	0
494	1	99.0	184.174	130.136	184.217	09/30/12	0.0	0.21	0.0	0.0	0.0	0	8	0.75	0.0	0.0	0
495	1	144.751	184.089	178.519	184.126	------S	0.0	0.11	0.0	0.0	0.0	49	7	0.0	0.0	0.0	0
496	1	272.613	184.174	301.525	184.217	$400.00	0.0	0.15	0.0	0.0	0.57	0	7	0.71428573	1.0	5.9939613	0
497	1	410.146	201.597	437.376	201.651	Totals	0.0	0.22	0.0	0.0	0.0	30	6	0.0	0.0	0.0	0
498	1	552.452	199.924	592.484	199.967	$19,475.00	0.0	0.24	0.0	0.0	1.0	0	10	0.7	1.0	9.876938	gross_amount
499	1	18.0	226.261	37.998	226.309	Time	0.0	0.37	0.0	0.0	0.0	22	4	0.0	0.0	0.0	0
500	1	40.5	226.261	66.51	226.309	Period	0.0	0.37	0.0	0.0	0.0	107	6	0.0	0.0	0.0	0
501	1	134.544	226.261	157.557	226.309	Spots	0.0	0.33	0.0	0.0	0.0	4	5	0.0	0.0	0.0	0
502	1	172.529	226.261	196.532	226.309	Gross	0.0	0.4	0.0	0.0	0.0	20	5	0.0	0.0	0.0	0
503	1	199.034	226.261	230.048	226.309	Amount	0.0	0.4	0.0	0.0	0.0	25	6	0.0	0.0	0.0	0
504	1	255.029	226.261	269.033	226.309	Net	0.0	0.36	0.0	0.0	0.0	14	3	0.0	0.0	0.0	0
505	1	271.535	226.261	302.549	226.309	Amount	0.0	0.35	0.0	0.0	0.0	25	6	0.0	0.0	0.0	0
506	1	18.0	242.011	53.028	242.059	08/27/12	0.0	0.26	0.0	0.0	0.0	0	8	0.75	0.0	0.0	0
507	1	60.749	242.011	99.528	242.059	-09/30/12	0.0	0.2	0.0	0.0	0.0	0	9	0.6666667	0.0	0.0	0
508	1	184.921	242.011	229.957	242.059	$19,475.00	0.0	0.14	0.0	0.0	1.0	0	10	0.7	1.0	9.876938	gross_amount
509	1	257.669	242.011	302.705	242.059	$16,553.75	0.0	0.13	0.0	0.0	0.38	0	10	0.7	1.0	9.714428	0
510	1	18.0	257.001	42.507	257.049	Totals	0.0	0.2	0.0	0.0	0.0	30	6	0.0	0.0	0.0	0
511	1	184.921	257.001	229.957	257.049	$19,475.00	0.0	0.14	0.0	0.0	1.0	0	10	0.7	1.0	9.876938	gross_amount
512	1	257.669	257.001	302.705	257.049	$16,553.75	0.0	0.18	0.0	0.0	0.38	0	10	0.7	1.0	9.714428	0
513	1	18.751	308.457	68.201	308.512	Signature:	0.0	0.25	0.0	0.0	0.0	136	10	0.0	0.0	0.0	0
514	1	306.0	308.457	331.0	308.512	Date:	0.0	0.26	0.0	0.0	0.0	8	5	0.0	0.0	0.0	0
515	1	213.517	715.534	228.637	715.577	Line	0.0	0.26	0.0	0.0	0.0	89	4	0.0	0.0	0.0	0
516	1	230.861	715.534	278.877	715.577	Transactions:	0.0	0.26	0.0	0.0	0.0	148	13	0.0	0.0	0.0	0
517	1	298.221	715.534	316.445	715.577	New,	0.0	0.22	0.0	0.0	0.0	46	4	0.0	0.0	0.0	0
518	1	333.125	715.534	358.029	715.577	Edited,	0.0	0.29	0.0	0.0	0.0	149	7	0.0	0.0	0.0	0
519	1	375.149	715.534	405.381	715.577	Deleted)	0.0	0.31	0.0	0.0	0.0	147	8	0.0	0.0	0.0	0
520	1	21.45	723.101	64.134	723.134	Notwithstanding	0.0	0.39	0.0	0.0	0.0	180	15	0.0	0.0	0.0	0
521	1	72.474	723.101	88.476	723.134	whom	0.0	0.34	0.0	0.0	0.0	184	4	0.0	0.0	0.0	0
522	1	90.144	723.101	100.476	723.134	bills	0.0	0.3	0.0	0.0	0.0	186	5	0.0	0.0	0.0	0
523	1	102.144	723.101	110.814	723.134	are	0.0	0.29	0.0	0.0	0.0	127	3	0.0	0.0	0.0	0
524	1	112.482	723.101	138.162	723.134	rendered,	0.0	0.29	0.0	0.0	0.0	185	9	0.0	0.0	0.0	0
525	1	139.83	723.101	167.838	723.134	advertiser,	0.0	0.29	0.0	0.0	0.0	6	11	0.0	0.0	0.0	0
526	1	169.506	723.101	188.85	723.134	agency	0.0	0.29	0.0	0.0	0.0	2	6	0.0	0.0	0.0	0
527	1	190.518	723.101	200.526	723.134	and	0.0	0.29	0.0	0.0	0.0	77	3	0.0	0.0	0.0	0
528	1	202.194	723.101	222.864	723.134	service,	0.0	0.31	0.0	0.0	0.0	169	8	0.0	0.0	0.0	0
529	1	224.532	723.101	239.868	723.134	jointly	0.0	0.33	0.0	0.0	0.0	155	7	0.0	0.0	0.0	0
530	1	241.536	723.101	251.544	723.134	and	0.0	0.33	0.0	0.0	0.0	77	3	0.0	0.0	0.0	0
531	1	253.212	723.101	278.55	723.134	severally,	0.0	0.33	0.0	0.0	0.0	151	10	0.0	0.0	0.0	0
532	1	280.218	723.101	292.554	723.134	shall	0.0	0.29	0.0	0.0	0.0	137	5	0.0	0.0	0.0	0
533	1	294.222	723.101	312.558	723.134	remain	0.0	0.32	0.0	0.0	0.0	179	6	0.0	0.0	0.0	0
534	1	314.226	723.101	338.574	723.134	obligated	0.0	0.4	0.0	0.0	0.0	181	9	0.0	0.0	0.0	0
535	1	346.914	723.101	356.586	723.134	pay	0.0	0.38	0.0	0.0	0.0	178	3	0.0	0.0	0.0	0
536	1	364.926	723.101	382.602	723.134	station	0.0	0.44	0.0	0.0	0.0	57	7	0.0	0.0	0.0	0
537	1	384.27	723.101	392.61	723.134	the	0.0	0.44	0.0	0.0	0.0	44	3	0.0	0.0	0.0	0
538	1	394.278	723.101	414.288	723.134	amount	0.0	0.44	0.0	0.0	0.0	25	6	0.0	0.0	0.0	0
539	1	422.628	723.101	432.3	723.134	any	0.0	0.36	0.0	0.0	0.0	126	3	0.0	0.0	0.0	0
540	1	433.968	723.101	444.3	723.134	bills	0.0	0.31	0.0	0.0	0.0	186	5	0.0	0.0	0.0	0
541	1	445.968	723.101	469.98	723.134	rendered	0.0	0.31	0.0	0.0	0.0	185	8	0.0	0.0	0.0	0
542	1	479.652	723.101	497.328	723.134	station	0.0	0.38	0.0	0.0	0.0	57	7	0.0	0.0	0.0	0
543	1	498.996	723.101	514.332	723.134	within	0.0	0.3	0.0	0.0	0.0	167	6	0.0	0.0	0.0	0
544	1	516.0	723.101	524.34	723.134	the	0.0	0.29	0.0	0.0	0.0	44	3	0.0	0.0	0.0	0
545	1	526.008	723.101	537.342	723.134	time	0.0	0.29	0.0	0.0	0.0	22	4	0.0	0.0	0.0	0
546	1	539.01	723.101	562.686	723.134	specified	0.0	0.31	0.0	0.0	0.0	153	9	0.0	0.0	0.0	0
547	1	564.354	723.101	574.362	723.134	and	0.0	0.31	0.0	0.0	0.0	77	3	0.0	0.0	0.0	0
548	1	576.03	723.101	587.034	723.134	until	0.0	0.16	0.0	0.0	0.0	177	5	0.0	0.0	0.0	0
549	1	29.31	730.181	52.32	730.214	payment	0.0	0.16	0.0	0.0	0.0	118	7	0.0	0.0	0.0	0
550	1	60.324	730.181	67.992	730.214	full	0.0	0.21	0.0	0.0	0.0	176	4	0.0	0.0	0.0	0
551	1	75.66	730.181	98.334	730.214	received	0.0	0.25	0.0	0.0	0.0	164	8	0.0	0.0	0.0	0
552	1	108.006	730.181	127.35	730.214	station.	0.0	0.36	0.0	0.0	0.0	57	8	0.0	0.0	0.0	0
553	1	130.686	730.181	154.362	730.214	Payment	0.0	0.23	0.0	0.0	0.0	118	7	0.0	0.0	0.0	0
554	1	164.034	730.181	190.374	730.214	advertiser	0.0	0.29	0.0	0.0	0.0	6	10	0.0	0.0	0.0	0
555	1	198.714	730.181	218.058	730.214	agency	0.0	0.33	0.0	0.0	0.0	2	6	0.0	0.0	0.0	0
556	1	233.4	730.181	252.402	730.214	service	0.0	0.4	0.0	0.0	0.0	169	7	0.0	0.0	0.0	0
557	1	261.072	730.181	284.082	730.214	payment	0.0	0.38	0.0	0.0	0.0	118	7	0.0	0.0	0.0	0
558	1	293.754	730.181	313.098	730.214	agency	0.0	0.29	0.0	0.0	0.0	2	6	0.0	0.0	0.0	0
559	1	321.438	730.181	342.108	730.214	service,	0.0	0.38	0.0	0.0	0.0	169	8	0.0	0.0	0.0	0
560	1	343.776	730.181	356.112	730.214	shall	0.0	0.38	0.0	0.0	0.0	137	5	0.0	0.0	0.0	0
561	1	357.78	730.181	366.12	730.214	not	0.0	0.39	0.0	0.0	0.0	117	3	0.0	0.0	0.0	0
562	1	367.788	730.181	393.468	730.214	constitute	0.0	0.42	0.0	0.0	0.0	156	10	0.0	0.0	0.0	0
563	1	395.136	730.181	418.146	730.214	payment	0.0	0.42	0.0	0.0	0.0	118	7	0.0	0.0	0.0	0
564	1	426.486	730.181	445.83	730.214	station.	0.0	0.42	0.0	0.0	0.0	57	8	0.0	0.0	0.0	0
565	1	449.166	730.181	467.844	730.214	Station	0.0	0.38	0.0	0.0	0.0	57	7	0.0	0.0	0.0	0
566	1	469.512	730.181	477.84	730.214	will	0.0	0.32	0.0	0.0	0.0	174	4	0.0	0.0	0.0	0
567	1	479.508	730.181	487.848	730.214	not	0.0	0.33	0.0	0.0	0.0	117	3	0.0	0.0	0.0	0
568	1	497.856	730.181	514.536	730.214	bound	0.0	0.33	0.0	0.0	0.0	202	5	0.0	0.0	0.0	0
569	1	524.208	730.181	552.888	730.214	conditions,	0.0	0.31	0.0	0.0	0.0	125	11	0.0	0.0	0.0	0
570	1	554.556	730.181	572.898	730.214	printed	0.0	0.31	0.0	0.0	0.0	159	7	0.0	0.0	0.0	0
571	1	28.11	737.261	55.452	737.294	otherwise,	0.0	0.38	0.0	0.0	0.0	146	10	0.0	0.0	0.0	0
572	1	65.46	737.261	91.47	737.294	contracts,	0.0	0.3	0.0	0.0	0.0	130	10	0.0	0.0	0.0	0
573	1	93.138	737.261	115.812	737.294	insertion	0.0	0.35	0.0	0.0	0.0	208	9	0.0	0.0	0.0	0
574	1	117.48	737.261	136.152	737.294	orders,	0.0	0.32	0.0	0.0	0.0	54	7	0.0	0.0	0.0	0
575	1	137.82	737.261	150.492	737.294	copy	0.0	0.33	0.0	0.0	0.0	206	4	0.0	0.0	0.0	0
576	1	152.16	737.261	182.502	737.294	instructions	0.0	0.33	0.0	0.0	0.0	172	12	0.0	0.0	0.0	0
577	1	191.172	737.261	200.844	737.294	any	0.0	0.32	0.0	0.0	0.0	126	3	0.0	0.0	0.0	0
578	1	202.512	737.261	245.532	737.294	correspondence	0.0	0.21	0.0	0.0	0.0	183	14	0.0	0.0	0.0	0
579	1	247.2	737.261	261.54	737.294	when	0.0	0.19	0.0	0.0	0.0	204	4	0.0	0.0	0.0	0
580	1	263.208	737.261	275.88	737.294	such	0.0	0.18	0.0	0.0	0.0	168	4	0.0	0.0	0.0	0
581	1	277.548	737.261	296.22	737.294	conflict	0.0	0.29	0.0	0.0	0.0	207	8	0.0	0.0	0.0	0
582	1	297.888	737.261	308.556	737.294	with	0.0	0.32	0.0	0.0	0.0	101	4	0.0	0.0	0.0	0
583	1	310.224	737.261	318.564	737.294	the	0.0	0.4	0.0	0.0	0.0	44	3	0.0	0.0	0.0	0
584	1	320.232	737.261	336.576	737.294	above	0.0	0.44	0.0	0.0	0.0	135	5	0.0	0.0	0.0	0
585	1	338.244	737.261	353.244	737.294	terms	0.0	0.45	0.0	0.0	0.0	100	5	0.0	0.0	0.0	0
586	1	354.912	737.261	364.92	737.294	and	0.0	0.45	0.0	0.0	0.0	77	3	0.0	0.0	0.0	0
587	1	366.588	737.261	395.268	737.294	conditions.	0.0	0.37	0.0	0.0	0.0	125	11	0.0	0.0	0.0	0
588	1	398.604	737.261	410.94	737.294	Four	0.0	0.32	0.0	0.0	0.0	422	4	0.0	0.0	0.0	0
589	1	412.608	737.261	429.612	737.294	weeks	0.0	0.23	0.0	0.0	0.0	293	5	0.0	0.0	0.0	0
590	1	431.28	737.261	453.96	737.294	advance	0.0	0.23	0.0	0.0	0.0	209	7	0.0	0.0	0.0	0
591	1	455.628	737.261	487.308	737.294	cancellation	0.0	0.24	0.0	0.0	0.0	230	12	0.0	0.0	0.0	0
592	1	488.976	737.261	504.984	737.294	notice	0.0	0.33	0.0	0.0	0.0	196	6	0.0	0.0	0.0	0
593	1	512.652	737.261	534.66	737.294	required	0.0	0.33	0.0	0.0	0.0	222	8	0.0	0.0	0.0	0
594	1	536.328	737.261	553.668	737.294	unless	0.0	0.28	0.0	0.0	0.0	205	6	0.0	0.0	0.0	0
595	1	555.336	737.261	581.01	737.294	otherwise	0.0	0.35	0.0	0.0	0.0	146	9	0.0	0.0	0.0	0
596	1	293.91	744.341	319.254	744.374	specified.	0.0	0.3	0.0	0.0	0.0	153	10	0.0	0.0	0.0	0
597	1	22.65	751.421	40.32	751.454	Hearst	0.0	0.27	0.0	0.0	0.0	610	6	0.0	0.0	0.0	0
598	1	41.988	751.421	66.996	751.454	television	0.0	0.27	0.0	0.0	0.0	323	10	0.0	0.0	0.0	0
599	1	68.664	751.421	78.0	751.454	inc,	0.0	0.26	0.0	0.0	0.0	166	4	0.0	0.0	0.0	0
600	1	81.336	751.421	94.344	751.454	does	0.0	0.29	0.0	0.0	0.0	212	4	0.0	0.0	0.0	0
601	1	96.012	751.421	104.352	751.454	not	0.0	0.29	0.0	0.0	0.0	117	3	0.0	0.0	0.0	0
602	1	106.02	751.421	138.024	751.454	discriminate	0.0	0.28	0.0	0.0	0.0	197	12	0.0	0.0	0.0	0
603	1	146.028	751.421	154.368	751.454	the	0.0	0.24	0.0	0.0	0.0	44	3	0.0	0.0	0.0	0
604	1	156.036	751.421	167.04	751.454	sale	0.0	0.28	0.0	0.0	0.0	340	4	0.0	0.0	0.0	0
605	1	175.38	751.421	204.39	751.454	advertising	0.0	0.31	0.0	0.0	0.0	157	11	0.0	0.0	0.0	0
606	1	206.058	751.421	219.06	751.454	time,	0.0	0.36	0.0	0.0	0.0	22	5	0.0	0.0	0.0	0
607	1	220.728	751.421	230.736	751.454	and	0.0	0.36	0.0	0.0	0.0	77	3	0.0	0.0	0.0	0
608	1	232.404	751.421	240.732	751.454	will	0.0	0.31	0.0	0.0	0.0	174	4	0.0	0.0	0.0	0
609	1	242.4	751.421	260.076	751.454	accept	0.0	0.25	0.0	0.0	0.0	242	6	0.0	0.0	0.0	0
610	1	270.084	751.421	299.094	751.454	advertising	0.0	0.3	0.0	0.0	0.0	157	11	0.0	0.0	0.0	0
611	1	300.762	751.421	316.098	751.454	which	0.0	0.25	0.0	0.0	0.0	239	5	0.0	0.0	0.0	0
612	1	323.766	751.421	341.442	751.454	placed	0.0	0.27	0.0	0.0	0.0	379	6	0.0	0.0	0.0	0
613	1	343.11	751.421	353.778	751.454	with	0.0	0.21	0.0	0.0	0.0	101	4	0.0	0.0	0.0	0
614	1	363.786	751.421	378.462	751.454	intent	0.0	0.28	0.0	0.0	0.0	439	6	0.0	0.0	0.0	0
615	1	386.802	751.421	418.806	751.454	discriminate	0.0	0.33	0.0	0.0	0.0	197	12	0.0	0.0	0.0	0
616	1	428.814	751.421	437.154	751.454	the	0.0	0.32	0.0	0.0	0.0	44	3	0.0	0.0	0.0	0
617	1	438.822	751.421	452.826	751.454	basis	0.0	0.23	0.0	0.0	0.0	195	5	0.0	0.0	0.0	0
618	1	461.166	751.421	472.836	751.454	race	0.0	0.27	0.0	0.0	0.0	188	4	0.0	0.0	0.0	0
619	1	481.506	751.421	505.182	751.454	ethnicity.	0.0	0.22	0.0	0.0	0.0	199	10	0.0	0.0	0.0	0
620	1	508.518	751.421	535.524	751.454	Advertiser	0.0	0.22	0.0	0.0	0.0	6	10	0.0	0.0	0.0	0
621	1	537.192	751.421	555.534	751.454	hereby	0.0	0.24	0.0	0.0	0.0	218	6	0.0	0.0	0.0	0
622	1	557.202	751.421	585.546	751.454	represents	0.0	0.3	0.0	0.0	0.0	385	10	0.0	0.0	0.0	0
623	1	24.69	758.501	34.698	758.534	and	0.0	0.3	0.0	0.0	0.0	77	3	0.0	0.0	0.0	0
624	1	36.366	758.501	59.37	758.534	warrants	0.0	0.23	0.0	0.0	0.0	391	8	0.0	0.0	0.0	0
625	1	61.038	758.501	71.046	758.534	that	0.0	0.23	0.0	0.0	0.0	173	4	0.0	0.0	0.0	0
626	1	83.382	758.501	91.722	758.534	not	0.0	0.24	0.0	0.0	0.0	117	3	0.0	0.0	0.0	0
627	1	93.39	758.501	122.736	758.534	purchasing	0.0	0.22	0.0	0.0	0.0	401	10	0.0	0.0	0.0	0
628	1	124.404	758.501	150.75	758.534	broadcast	0.0	0.31	0.0	0.0	0.0	41	9	0.0	0.0	0.0	0
629	1	152.418	758.501	159.084	758.534	air	0.0	0.31	0.0	0.0	0.0	279	3	0.0	0.0	0.0	0
630	1	160.752	758.501	172.086	758.534	time	0.0	0.29	0.0	0.0	0.0	22	4	0.0	0.0	0.0	0
631	1	173.754	758.501	189.096	758.534	under	0.0	0.29	0.0	0.0	0.0	288	5	0.0	0.0	0.0	0
632	1	190.764	758.501	200.1	758.534	this	0.0	0.28	0.0	0.0	0.0	82	4	0.0	0.0	0.0	0
633	1	201.768	758.501	230.778	758.534	advertising	0.0	0.28	0.0	0.0	0.0	157	11	0.0	0.0	0.0	0
634	1	232.446	758.501	246.45	758.534	sales	0.0	0.33	0.0	0.0	0.0	10	5	0.0	0.0	0.0	0
635	1	248.118	758.501	269.46	758.534	contract	0.0	0.4	0.0	0.0	0.0	53	8	0.0	0.0	0.0	0
636	1	271.128	758.501	278.13	758.534	for	0.0	0.4	0.0	0.0	0.0	50	3	0.0	0.0	0.0	0
637	1	284.802	758.501	321.804	758.534	discriminatory	0.0	0.25	0.0	0.0	0.0	432	14	0.0	0.0	0.0	0
638	1	323.472	758.501	346.818	758.534	purpose,	0.0	0.27	0.0	0.0	0.0	363	8	0.0	0.0	0.0	0
639	1	348.486	758.501	372.162	758.534	including	0.0	0.26	0.0	0.0	0.0	238	9	0.0	0.0	0.0	0
640	1	373.83	758.501	382.17	758.534	but	0.0	0.34	0.0	0.0	0.0	372	3	0.0	0.0	0.0	0
641	1	383.838	758.501	392.178	758.534	not	0.0	0.38	0.0	0.0	0.0	117	3	0.0	0.0	0.0	0
642	1	393.846	758.501	411.18	758.534	limited	0.0	0.38	0.0	0.0	0.0	380	7	0.0	0.0	0.0	0
643	1	419.52	758.501	444.528	758.534	decisions	0.0	0.29	0.0	0.0	0.0	431	9	0.0	0.0	0.0	0
644	1	446.196	758.501	454.536	758.534	not	0.0	0.32	0.0	0.0	0.0	117	3	0.0	0.0	0.0	0
645	1	462.876	758.501	477.216	758.534	place	0.0	0.29	0.0	0.0	0.0	300	5	0.0	0.0	0.0	0
646	1	478.884	758.501	507.894	758.534	advertising	0.0	0.3	0.0	0.0	0.0	157	11	0.0	0.0	0.0	0
647	1	517.902	758.501	542.574	758.534	particular	0.0	0.29	0.0	0.0	0.0	251	10	0.0	0.0	0.0	0
648	1	544.242	758.501	564.918	758.534	stations	0.0	0.36	0.0	0.0	0.0	228	8	0.0	0.0	0.0	0
649	1	574.926	758.501	583.266	758.534	the	0.0	0.32	0.0	0.0	0.0	44	3	0.0	0.0	0.0	0
650	1	273.21	765.581	287.214	765.614	basis	0.0	0.25	0.0	0.0	0.0	195	5	0.0	0.0	0.0	0
651	1	295.554	765.581	307.224	765.614	race	0.0	0.27	0.0	0.0	0.0	188	4	0.0	0.0	0.0	0
652	1	315.894	765.581	339.57	765.614	ethnicity.	0.0	0.08	0.0	0.0	0.0	199	10	0.0	0.0	0.0	0
